{
  "metadata": {
    "attempt": 46,
    "nonce": "8ab9ba7201744b466f43fb55",
    "overall_score": 0.9413548407239706,
    "assessment": "CRYPTOGRAPHICALLY_STRONG"
  },
  "sbox": {
    "00": [
      5,
      53,
      40,
      29,
      3,
      48,
      30,
      6,
      0,
      54,
      43,
      27,
      46,
      45,
      51,
      24
    ],
    "01": [
      57,
      33,
      60,
      9,
      23,
      36,
      10,
      63,
      20,
      12,
      18,
      58,
      34,
      39,
      15,
      17
    ],
    "10": [
      44,
      26,
      52,
      31,
      28,
      42,
      55,
      25,
      50,
      4,
      47,
      1,
      7,
      49,
      41,
      2
    ],
    "11": [
      38,
      32,
      62,
      11,
      22,
      8,
      37,
      16,
      14,
      56,
      59,
      35,
      21,
      61,
      19,
      13
    ]
  },
  "detailed_analysis": {
    "avalanche_percent": 50.78125,
    "avg_bits_changed": 2.03125,
    "sac_compliance": 0.9505208333333334,
    "avg_sac_deviation": 0.049479166666666664,
    "sac_matrix": [
      [
        0.5625,
        0.5,
        0.5625,
        0.4375
      ],
      [
        0.5,
        0.5,
        0.5,
        0.5
      ],
      [
        0.5,
        0.4375,
        0.5,
        0.625
      ],
      [
        0.625,
        0.4375,
        0.5,
        0.5625
      ],
      [
        0.4375,
        0.4375,
        0.625,
        0.5625
      ],
      [
        0.4375,
        0.5625,
        0.5,
        0.375
      ]
    ],
    "bic_analysis": {
      "bic_compliance": 0.8735436888385784,
      "avg_correlation": 0.12645631116142164,
      "max_correlation": 0.422890031611031,
      "violation_count": 1,
      "total_bit_pairs": 36,
      "assessment": "WEAK_BIC"
    }
  }
}