{
  "cryptographic_analysis": {
    "base_sbox": {
      "avalanche_percent": 16.666666666666664,
      "avg_bits_changed": 0.6666666666666666,
      "sac_compliance": 0.5,
      "avg_sac_deviation": 0.5,
      "sac_matrix": [
        [
          0.0,
          0.0,
          0.0,
          0.0
        ],
        [
          1.0,
          0.0,
          0.0,
          0.0
        ],
        [
          0.0,
          1.0,
          0.0,
          0.0
        ],
        [
          0.0,
          0.0,
          0.0,
          0.0
        ],
        [
          0.0,
          0.0,
          1.0,
          0.0
        ],
        [
          0.0,
          0.0,
          0.0,
          1.0
        ]
      ],
      "bic_analysis": {
        "bic_compliance": 1.0,
        "avg_correlation": 0.0,
        "max_correlation": 0,
        "violation_count": 0,
        "total_bit_pairs": 36,
        "assessment": "EXCELLENT_BIC"
      }
    },
    "best_candidate": {
      "metadata": {
        "attempt": 46,
        "nonce": "8ab9ba7201744b466f43fb55",
        "overall_score": 0.9413548407239706,
        "assessment": "CRYPTOGRAPHICALLY_STRONG"
      },
      "analysis": {
        "avalanche_percent": 50.78125,
        "avg_bits_changed": 2.03125,
        "sac_compliance": 0.9505208333333334,
        "avg_sac_deviation": 0.049479166666666664,
        "sac_matrix": [
          [
            0.5625,
            0.5,
            0.5625,
            0.4375
          ],
          [
            0.5,
            0.5,
            0.5,
            0.5
          ],
          [
            0.5,
            0.4375,
            0.5,
            0.625
          ],
          [
            0.625,
            0.4375,
            0.5,
            0.5625
          ],
          [
            0.4375,
            0.4375,
            0.625,
            0.5625
          ],
          [
            0.4375,
            0.5625,
            0.5,
            0.375
          ]
        ],
        "bic_analysis": {
          "bic_compliance": 0.8735436888385784,
          "avg_correlation": 0.12645631116142164,
          "max_correlation": 0.422890031611031,
          "violation_count": 1,
          "total_bit_pairs": 36,
          "assessment": "WEAK_BIC"
        }
      }
    },
    "improvement": {
      "avalanche": 34.114583333333336,
      "sac": 0.45052083333333337,
      "bic": -0.12645631116142164
    }
  },
  "all_results": [
    {
      "attempt": 1,
      "nonce": "26ebeb2a2584c6bd7c7fb249",
      "avalanche": 50.0,
      "sac": 0.9427083333333334,
      "bic": 0.8294684206200134,
      "overall_score": 0.924058917984449,
      "assessment": "CRYPTOGRAPHICALLY_STRONG",
      "bic_violations": 6
    },
    {
      "attempt": 2,
      "nonce": "b824d8fcb3e59f714bc68892",
      "avalanche": 50.78125,
      "sac": 0.9088541666666666,
      "bic": 0.8464426254635831,
      "overall_score": 0.9184322640434166,
      "assessment": "CRYPTOGRAPHICALLY_STRONG",
      "bic_violations": 3
    },
    {
      "attempt": 3,
      "nonce": "a3e12cb46c8414dbb2700342",
      "avalanche": 50.260416666666664,
      "sac": 0.9036458333333334,
      "bic": 0.8637489927353885,
      "overall_score": 0.9224649420229074,
      "assessment": "CRYPTOGRAPHICALLY_STRONG",
      "bic_violations": 3
    },
    {
      "attempt": 4,
      "nonce": "0cf5bfd9f546a262d6328bfd",
      "avalanche": 49.21875,
      "sac": 0.9140625,
      "bic": 0.8231775702337123,
      "overall_score": 0.9072050234112373,
      "assessment": "CRYPTOGRAPHICALLY_STRONG",
      "bic_violations": 3
    },
    {
      "attempt": 5,
      "nonce": "bfbb20d2fc67b8562fe6d51c",
      "avalanche": 48.17708333333333,
      "sac": 0.9401041666666666,
      "bic": 0.8218074512046173,
      "overall_score": 0.9084844281793168,
      "assessment": "CRYPTOGRAPHICALLY_STRONG",
      "bic_violations": 5
    },
    {
      "attempt": 6,
      "nonce": "0655de9b774ab1faf4fb9298",
      "avalanche": 49.21875,
      "sac": 0.9140625,
      "bic": 0.8362987571894845,
      "overall_score": 0.9115787523964949,
      "assessment": "CRYPTOGRAPHICALLY_STRONG",
      "bic_violations": 7
    },
    {
      "attempt": 7,
      "nonce": "9cc47852312c40307d76d609",
      "avalanche": 53.90625,
      "sac": 0.9192708333333334,
      "bic": 0.8806837620921608,
      "overall_score": 0.9333181984751647,
      "assessment": "CRYPTOGRAPHICALLY_STRONG",
      "bic_violations": 1
    },
    {
      "attempt": 8,
      "nonce": "84bbb2c5344f1169515b6473",
      "avalanche": 50.520833333333336,
      "sac": 0.9166666666666666,
      "bic": 0.8723221104481299,
      "overall_score": 0.9296629257049321,
      "assessment": "CRYPTOGRAPHICALLY_STRONG",
      "bic_violations": 4
    },
    {
      "attempt": 9,
      "nonce": "8ad6a3f78c21592d6cfb6492",
      "avalanche": 50.260416666666664,
      "sac": 0.9401041666666666,
      "bic": 0.8763717348575435,
      "overall_score": 0.93882530050807,
      "assessment": "CRYPTOGRAPHICALLY_STRONG",
      "bic_violations": 2
    },
    {
      "attempt": 10,
      "nonce": "b468c79383758bcda70633af",
      "avalanche": 50.260416666666664,
      "sac": 0.9192708333333334,
      "bic": 0.8391617449559283,
      "overall_score": 0.9194775260964206,
      "assessment": "CRYPTOGRAPHICALLY_STRONG",
      "bic_violations": 3
    },
    {
      "attempt": 11,
      "nonce": "961ecc620a4e659ed1da43fd",
      "avalanche": 53.125,
      "sac": 0.9427083333333334,
      "bic": 0.8393493229896429,
      "overall_score": 0.9273525521076588,
      "assessment": "CRYPTOGRAPHICALLY_STRONG",
      "bic_violations": 4
    },
    {
      "attempt": 12,
      "nonce": "603a54b2c75041f79fb9db8d",
      "avalanche": 51.5625,
      "sac": 0.9427083333333334,
      "bic": 0.8718505654481804,
      "overall_score": 0.938186299593838,
      "assessment": "CRYPTOGRAPHICALLY_STRONG",
      "bic_violations": 4
    },
    {
      "attempt": 13,
      "nonce": "417dea9de61ebd64c222a5a4",
      "avalanche": 50.78125,
      "sac": 0.9453125,
      "bic": 0.858577901884504,
      "overall_score": 0.9346301339615013,
      "assessment": "CRYPTOGRAPHICALLY_STRONG",
      "bic_violations": 5
    },
    {
      "attempt": 14,
      "nonce": "74fb00f69010c1ba1b329d9d",
      "avalanche": 50.0,
      "sac": 0.9114583333333334,
      "bic": 0.8359419504701252,
      "overall_score": 0.915800094601153,
      "assessment": "CRYPTOGRAPHICALLY_STRONG",
      "bic_violations": 5
    },
    {
      "attempt": 15,
      "nonce": "8d03eef96aa91771c3a99631",
      "avalanche": 52.604166666666664,
      "sac": 0.921875,
      "bic": 0.8710998129136347,
      "overall_score": 0.9309916043045449,
      "assessment": "CRYPTOGRAPHICALLY_STRONG",
      "bic_violations": 1
    },
    {
      "attempt": 16,
      "nonce": "2cad51ddea6f2eca4489b6f5",
      "avalanche": 49.73958333333333,
      "sac": 0.9557291666666666,
      "bic": 0.8731011118143492,
      "overall_score": 0.9412073150492274,
      "assessment": "CRYPTOGRAPHICALLY_STRONG",
      "bic_violations": 2
    },
    {
      "attempt": 17,
      "nonce": "eef801fa548ae3c6cf9ebec9",
      "avalanche": 49.21875,
      "sac": 0.9244791666666666,
      "bic": 0.8392375768615923,
      "overall_score": 0.9160305811760864,
      "assessment": "CRYPTOGRAPHICALLY_STRONG",
      "bic_violations": 4
    },
    {
      "attempt": 18,
      "nonce": "954580fc69b87423fb08f74b",
      "avalanche": 48.69791666666667,
      "sac": 0.9348958333333334,
      "bic": 0.8485197999870362,
      "overall_score": 0.9191246555512343,
      "assessment": "CRYPTOGRAPHICALLY_STRONG",
      "bic_violations": 4
    },
    {
      "attempt": 19,
      "nonce": "37484fd3f58016b8cc32d19d",
      "avalanche": 52.083333333333336,
      "sac": 0.9166666666666666,
      "bic": 0.8696901122759235,
      "overall_score": 0.9287855929808634,
      "assessment": "CRYPTOGRAPHICALLY_STRONG",
      "bic_violations": 1
    },
    {
      "attempt": 20,